{"sample_num": 79573, "attrs": {"lapel_design_labels": {"count": {"0": {"y": 1174, "m": 1, "weight": 0.16704577765140746, "n": 5859}, "1": {"y": 1525, "m": 6, "weight": 0.21765709411430195, "n": 5503}, "2": {"y": 1887, "m": 0, "weight": 0.26826841057719647, "n": 5147}, "3": {"y": 940, "m": 0, "weight": 0.13363662212112595, "n": 6094}, "4": {"y": 1508, "m": 0, "weight": 0.2143872618709127, "n": 5526}}, "attr_num": 5, "name": "lapel_design_labels", "weight": 0.08839681801616125, "sample_num": 7034}, "collar_design_labels": {"count": {"0": {"y": 1741, "m": 16, "weight": 0.20934111759799834, "n": 6636}, "1": {"y": 1995, "m": 78, "weight": 0.24699154056952222, "n": 6320}, "2": {"y": 1526, "m": 4, "weight": 0.18229476945073275, "n": 6863}, "3": {"y": 1321, "m": 0, "weight": 0.15739306564994637, "n": 7072}, "4": {"y": 1810, "m": 95, "weight": 0.22697486000238293, "n": 6488}}, "attr_num": 5, "name": "collar_design_labels", "weight": 0.10547547534967891, "sample_num": 8393}, "skirt_length_labels": {"count": {"0": {"y": 1483, "m": 4, "weight": 0.16122736636669197, "n": 7736}, "1": {"y": 1372, "m": 0, "weight": 0.1487585384365174, "n": 7851}, "2": {"y": 1503, "m": 69, "weight": 0.17044345657595142, "n": 7651}, "3": {"y": 1387, "m": 0, "weight": 0.15038490729697496, "n": 7836}, "4": {"y": 1495, "m": 231, "weight": 0.18714084354331562, "n": 7497}, "5": {"y": 1983, "m": 0, "weight": 0.21500596335248834, "n": 7240}}, "attr_num": 6, "name": "skirt_length_labels", "weight": 0.11590614907066467, "sample_num": 9223}, "sleeve_length_labels": {"count": {"0": {"y": 0, "m": 0, "weight": 0.0, "n": 13299}, "1": {"y": 1443, "m": 0, "weight": 0.10850439882697947, "n": 11856}, "2": {"y": 2843, "m": 24, "weight": 0.21558011880592526, "n": 10432}, "3": {"y": 1498, "m": 16, "weight": 0.11384314610121062, "n": 11785}, "4": {"y": 1311, "m": 0, "weight": 0.09857884051432439, "n": 11988}, "5": {"y": 1633, "m": 121, "weight": 0.1318896157605835, "n": 11545}, "6": {"y": 1156, "m": 220, "weight": 0.10346642604707121, "n": 11923}, "7": {"y": 1518, "m": 0, "weight": 0.1141439205955335, "n": 11781}, "8": {"y": 1897, "m": 36, "weight": 0.14534927438153245, "n": 11366}}, "attr_num": 9, "name": "sleeve_length_labels", "weight": 0.16712955399444535, "sample_num": 13299}, "pant_length_labels": {"count": {"0": {"y": 1519, "m": 1, "weight": 0.2037533512064343, "n": 5940}, "1": {"y": 1348, "m": 11, "weight": 0.18217158176943699, "n": 6101}, "2": {"y": 1087, "m": 99, "weight": 0.15898123324396782, "n": 6274}, "3": {"y": 1321, "m": 0, "weight": 0.17707774798927614, "n": 6139}, "4": {"y": 948, "m": 126, "weight": 0.14396782841823055, "n": 6386}, "5": {"y": 1237, "m": 0, "weight": 0.16581769436997318, "n": 6223}}, "attr_num": 6, "name": "pant_length_labels", "weight": 0.09375039272114913, "sample_num": 7460}, "neck_design_labels": {"count": {"0": {"y": 802, "m": 0, "weight": 0.1408005617977528, "n": 4894}, "1": {"y": 1304, "m": 74, "weight": 0.24192415730337077, "n": 4318}, "2": {"y": 1192, "m": 29, "weight": 0.21436095505617977, "n": 4475}, "3": {"y": 1454, "m": 0, "weight": 0.25526685393258425, "n": 4242}, "4": {"y": 944, "m": 3, "weight": 0.1662570224719101, "n": 4749}}, "attr_num": 5, "name": "neck_design_labels", "weight": 0.07158206929486133, "sample_num": 5696}, "coat_length_labels": {"count": {"0": {"y": 715, "m": 6, "weight": 0.06369257950530036, "n": 10599}, "1": {"y": 1282, "m": 0, "weight": 0.11325088339222615, "n": 10038}, "2": {"y": 1484, "m": 244, "weight": 0.15265017667844524, "n": 9592}, "3": {"y": 984, "m": 0, "weight": 0.08692579505300353, "n": 10336}, "4": {"y": 1416, "m": 118, "weight": 0.13551236749116607, "n": 9786}, "5": {"y": 2309, "m": 0, "weight": 0.20397526501766786, "n": 9011}, "6": {"y": 1321, "m": 37, "weight": 0.11996466431095407, "n": 9962}, "7": {"y": 1809, "m": 21, "weight": 0.16166077738515902, "n": 9490}}, "attr_num": 8, "name": "coat_length_labels", "weight": 0.14225930906211906, "sample_num": 11320}, "neckline_design_labels": {"count": {"0": {"y": 2106, "m": 20, "weight": 0.12397947282481922, "n": 15022}, "1": {"y": 1926, "m": 130, "weight": 0.1198973641240961, "n": 15092}, "2": {"y": 2472, "m": 12, "weight": 0.14485654303708886, "n": 14664}, "3": {"y": 1105, "m": 44, "weight": 0.06700489853044087, "n": 15999}, "4": {"y": 1897, "m": 0, "weight": 0.11062514578959645, "n": 15251}, "5": {"y": 1625, "m": 112, "weight": 0.10129461161651504, "n": 15411}, "6": {"y": 1706, "m": 0, "weight": 0.09948682062048052, "n": 15442}, "7": {"y": 1376, "m": 9, "weight": 0.08076743643573595, "n": 15763}, "8": {"y": 1634, "m": 3, "weight": 0.09546302775833916, "n": 15511}, "9": {"y": 1301, "m": 20, "weight": 0.07703522276650339, "n": 15827}}, "attr_num": 10, "name": "neckline_design_labels", "weight": 0.2155002324909203, "sample_num": 17148}}}